[{"model": "contenttypes.contenttype", "pk": 1, "fields": {"app_label": "admin", "model": "logentry"}}, {"model": "contenttypes.contenttype", "pk": 2, "fields": {"app_label": "auth", "model": "permission"}}, {"model": "contenttypes.contenttype", "pk": 3, "fields": {"app_label": "auth", "model": "group"}}, {"model": "contenttypes.contenttype", "pk": 4, "fields": {"app_label": "auth", "model": "user"}}, {"model": "contenttypes.contenttype", "pk": 5, "fields": {"app_label": "contenttypes", "model": "contenttype"}}, {"model": "contenttypes.contenttype", "pk": 6, "fields": {"app_label": "sessions", "model": "session"}}, {"model": "contenttypes.contenttype", "pk": 7, "fields": {"app_label": "edziennik", "model": "lektor"}}, {"model": "contenttypes.contenttype", "pk": 8, "fields": {"app_label": "edziennik", "model": "group"}}, {"model": "contenttypes.contenttype", "pk": 9, "fields": {"app_label": "edziennik", "model": "student"}}, {"model": "contenttypes.contenttype", "pk": 10, "fields": {"app_label": "edziennik", "model": "classdate"}}, {"model": "contenttypes.contenttype", "pk": 11, "fields": {"app_label": "registration", "model": "registrationprofile"}}, {"model": "contenttypes.contenttype", "pk": 12, "fields": {"app_label": "sites", "model": "site"}}, {"model": "contenttypes.contenttype", "pk": 13, "fields": {"app_label": "edziennik", "model": "grades"}}, {"model": "sessions.session", "pk": "4ih513uw6bm8jiaxf5gc9kb51ci9hj0d", "fields": {"session_data": "ZjNhNGIzMjM1MmFjYzYzNGU1OWE1OWNmMmE2MzhhZDU5MGNhZWEzYzp7Il9hdXRoX3VzZXJfaGFzaCI6ImZmYjhlMjBmNjY5NmQ0MTk1NWY0Mzk1Njg1YmZmNGY4NWEwZGQ2NDgiLCJfYXV0aF91c2VyX2JhY2tlbmQiOiJkamFuZ28uY29udHJpYi5hdXRoLmJhY2tlbmRzLk1vZGVsQmFja2VuZCIsIl9hdXRoX3VzZXJfaWQiOiIxIn0=", "expire_date": "2016-09-03T16:22:57.134Z"}}, {"model": "sessions.session", "pk": "ao1b5l6f9dspoubtadwt0qmb2xbos5w6", "fields": {"session_data": "ZjNhNGIzMjM1MmFjYzYzNGU1OWE1OWNmMmE2MzhhZDU5MGNhZWEzYzp7Il9hdXRoX3VzZXJfaGFzaCI6ImZmYjhlMjBmNjY5NmQ0MTk1NWY0Mzk1Njg1YmZmNGY4NWEwZGQ2NDgiLCJfYXV0aF91c2VyX2JhY2tlbmQiOiJkamFuZ28uY29udHJpYi5hdXRoLmJhY2tlbmRzLk1vZGVsQmFja2VuZCIsIl9hdXRoX3VzZXJfaWQiOiIxIn0=", "expire_date": "2016-08-02T18:00:46.112Z"}}, {"model": "sessions.session", "pk": "b818r8jvferf8hcsoupbk9omno5lstun", "fields": {"session_data": "MTdjOTg0MmM1NTA1NmNlNmI0NTE1YTg5NDY1NzhkMTQ3ZGFiZWZjMDp7Il9hdXRoX3VzZXJfaGFzaCI6Ijg1YjIzOTk0MzUzODQ4NTQ2OTEyYmZlMTk0YzYzNTU4ZGYwOGQ0MGMiLCJfYXV0aF91c2VyX2JhY2tlbmQiOiJkamFuZ28uY29udHJpYi5hdXRoLmJhY2tlbmRzLk1vZGVsQmFja2VuZCIsIl9hdXRoX3VzZXJfaWQiOiIyIn0=", "expire_date": "2016-11-11T11:44:37.379Z"}}, {"model": "sessions.session", "pk": "iig1sg05s5lvm8v37z843dr31cccwpn4", "fields": {"session_data": "ZjNhNGIzMjM1MmFjYzYzNGU1OWE1OWNmMmE2MzhhZDU5MGNhZWEzYzp7Il9hdXRoX3VzZXJfaGFzaCI6ImZmYjhlMjBmNjY5NmQ0MTk1NWY0Mzk1Njg1YmZmNGY4NWEwZGQ2NDgiLCJfYXV0aF91c2VyX2JhY2tlbmQiOiJkamFuZ28uY29udHJpYi5hdXRoLmJhY2tlbmRzLk1vZGVsQmFja2VuZCIsIl9hdXRoX3VzZXJfaWQiOiIxIn0=", "expire_date": "2016-08-19T10:17:42.803Z"}}, {"model": "sites.site", "pk": 1, "fields": {"domain": "example.com", "name": "example.com"}}, {"model": "edziennik.lektor", "pk": 1, "fields": {"lektor_name": "DagmaraBernat"}}, {"model": "edziennik.lektor", "pk": 3, "fields": {"lektor_name": "LukaszKlara"}}, {"model": "edziennik.group", "pk": 1, "fields": {"group_name": "testowa1", "prowadzacy_lektor": 3}}, {"model": "edziennik.group", "pk": 2, "fields": {"group_name": "testowa2", "prowadzacy_lektor": 3}}, {"model": "edziennik.group", "pk": 3, "fields": {"group_name": "testowa3", "prowadzacy_lektor": 3}}, {"model": "edziennik.group", "pk": 4, "fields": {"group_name": "4testowa", "prowadzacy_lektor": 1}}, {"model": "edziennik.group", "pk": 5, "fields": {"group_name": "5testowa", "prowadzacy_lektor": 1}}, {"model": "edziennik.group", "pk": 6, "fields": {"group_name": "6testowa", "prowadzacy_lektor": 1}}, {"model": "edziennik.student", "pk": 1, "fields": {"student_name": "ala test1", "przynaleznosc_grupy": 1}}, {"model": "edziennik.student", "pk": 2, "fields": {"student_name": "ola testt1", "przynaleznosc_grupy": 1}}, {"model": "edziennik.student", "pk": 3, "fields": {"student_name": "iza testtt1", "przynaleznosc_grupy": 1}}, {"model": "edziennik.student", "pk": 4, "fields": {"student_name": "kon test2", "przynaleznosc_grupy": 2}}, {"model": "edziennik.student", "pk": 5, "fields": {"student_name": "olo testt2", "przynaleznosc_grupy": 2}}, {"model": "edziennik.student", "pk": 6, "fields": {"student_name": "mih tesst2", "przynaleznosc_grupy": 2}}, {"model": "edziennik.student", "pk": 7, "fields": {"student_name": "ada t3", "przynaleznosc_grupy": 3}}, {"model": "edziennik.student", "pk": 8, "fields": {"student_name": "kam tt3", "przynaleznosc_grupy": 3}}, {"model": "edziennik.student", "pk": 9, "fields": {"student_name": "laa ttt3", "przynaleznosc_grupy": 3}}, {"model": "edziennik.student", "pk": 10, "fields": {"student_name": "ada test4", "przynaleznosc_grupy": 4}}, {"model": "edziennik.student", "pk": 11, "fields": {"student_name": "kal t4", "przynaleznosc_grupy": 4}}, {"model": "edziennik.student", "pk": 12, "fields": {"student_name": "aakk tt4", "przynaleznosc_grupy": 4}}, {"model": "edziennik.student", "pk": 13, "fields": {"student_name": "kinga test5", "przynaleznosc_grupy": 5}}, {"model": "edziennik.student", "pk": 14, "fields": {"student_name": "mateusz t5", "przynaleznosc_grupy": 5}}, {"model": "edziennik.student", "pk": 15, "fields": {"student_name": "marta ttt5", "przynaleznosc_grupy": 5}}, {"model": "edziennik.student", "pk": 16, "fields": {"student_name": "iza t6", "przynaleznosc_grupy": 6}}, {"model": "edziennik.student", "pk": 17, "fields": {"student_name": "ola t6", "przynaleznosc_grupy": 6}}, {"model": "edziennik.student", "pk": 18, "fields": {"student_name": "marta tt6", "przynaleznosc_grupy": 6}}, {"model": "edziennik.classdate", "pk": 17, "fields": {"date_of_class": "2016-10-21T09:34:35.343Z", "subject": "testowy temat", "student": 1}}, {"model": "edziennik.classdate", "pk": 18, "fields": {"date_of_class": "2016-10-21T09:34:35.352Z", "subject": "testowy temat", "student": 2}}, {"model": "edziennik.classdate", "pk": 19, "fields": {"date_of_class": "2016-10-22T04:57:26.552Z", "subject": "testowy temat", "student": 1}}, {"model": "edziennik.classdate", "pk": 20, "fields": {"date_of_class": "2016-10-22T04:57:26.562Z", "subject": "testowy temat", "student": 2}}, {"model": "edziennik.classdate", "pk": 21, "fields": {"date_of_class": "2016-10-22T04:57:26.569Z", "subject": "testowy temat", "student": 3}}, {"model": "edziennik.classdate", "pk": 35, "fields": {"date_of_class": "2016-10-24T15:33:27.668Z", "subject": "nowy temat lekcji", "student": 7}}, {"model": "edziennik.classdate", "pk": 36, "fields": {"date_of_class": "2016-10-24T15:34:46.108Z", "subject": "ps1", "student": 4}}, {"model": "edziennik.classdate", "pk": 37, "fields": {"date_of_class": "2016-10-24T15:34:46.114Z", "subject": "ps1", "student": 5}}, {"model": "edziennik.classdate", "pk": 38, "fields": {"date_of_class": "2016-10-24T15:34:46.121Z", "subject": "ps1", "student": 6}}, {"model": "edziennik.classdate", "pk": 39, "fields": {"date_of_class": "2016-10-25T03:42:12.326Z", "subject": "dzisiejszy temata", "student": 1}}, {"model": "edziennik.classdate", "pk": 40, "fields": {"date_of_class": "2016-10-25T03:42:12.335Z", "subject": "dzisiejszy temata", "student": 2}}, {"model": "edziennik.classdate", "pk": 41, "fields": {"date_of_class": "2016-10-25T03:42:12.343Z", "subject": "dzisiejszy temata", "student": 3}}, {"model": "edziennik.classdate", "pk": 42, "fields": {"date_of_class": "2016-10-25T12:54:58.820Z", "subject": "present simple i pare innych rzeczy oraz test", "student": 4}}, {"model": "edziennik.classdate", "pk": 43, "fields": {"date_of_class": "2016-10-25T12:54:58.831Z", "subject": "present simple i pare innych rzeczy oraz test", "student": 5}}, {"model": "edziennik.classdate", "pk": 44, "fields": {"date_of_class": "2016-10-25T12:54:58.841Z", "subject": "present simple i pare innych rzeczy oraz test", "student": 6}}, {"model": "edziennik.classdate", "pk": 45, "fields": {"date_of_class": "2016-10-27T06:40:21.250Z", "subject": "present perfect", "student": 1}}, {"model": "edziennik.classdate", "pk": 46, "fields": {"date_of_class": "2016-10-27T06:40:21.258Z", "subject": "present perfect", "student": 2}}, {"model": "edziennik.classdate", "pk": 47, "fields": {"date_of_class": "2016-10-27T06:40:21.270Z", "subject": "present perfect", "student": 3}}, {"model": "edziennik.classdate", "pk": 48, "fields": {"date_of_class": "2016-10-28T06:45:11.418Z", "subject": "czasy", "student": 1}}, {"model": "edziennik.classdate", "pk": 49, "fields": {"date_of_class": "2016-10-28T06:45:11.430Z", "subject": "czasy", "student": 2}}, {"model": "edziennik.grades", "pk": 115, "fields": {"timestamp": "2016-10-28T11:44:55.597Z", "date_of_test": "2016-10-01", "name": "www", "student": 1, "score": 1}}, {"model": "edziennik.grades", "pk": 116, "fields": {"timestamp": "2016-10-28T11:44:55.606Z", "date_of_test": "2016-10-01", "name": "www", "student": 2, "score": 1}}, {"model": "edziennik.grades", "pk": 117, "fields": {"timestamp": "2016-10-28T11:44:55.614Z", "date_of_test": "2016-10-01", "name": "www", "student": 3, "score": 1}}, {"model": "edziennik.grades", "pk": 118, "fields": {"timestamp": "2016-10-28T11:45:25.578Z", "date_of_test": "2016-10-01", "name": "sprawdzia", "student": 1, "score": 1}}, {"model": "edziennik.grades", "pk": 119, "fields": {"timestamp": "2016-10-28T11:45:25.589Z", "date_of_test": "2016-10-01", "name": "sprawdzia", "student": 2, "score": 1}}, {"model": "edziennik.grades", "pk": 120, "fields": {"timestamp": "2016-10-28T11:45:25.597Z", "date_of_test": "2016-10-01", "name": "sprawdzia", "student": 3, "score": 1}}, {"model": "edziennik.grades", "pk": 121, "fields": {"timestamp": "2016-10-28T11:45:41.632Z", "date_of_test": "2016-10-02", "name": "sprawdzia", "student": 1, "score": 2}}, {"model": "edziennik.grades", "pk": 122, "fields": {"timestamp": "2016-10-28T11:45:41.642Z", "date_of_test": "2016-10-02", "name": "sprawdzia", "student": 2, "score": 2}}, {"model": "edziennik.grades", "pk": 123, "fields": {"timestamp": "2016-10-28T11:48:19.530Z", "date_of_test": "2016-10-28", "name": "www", "student": 1, "score": 1}}, {"model": "edziennik.grades", "pk": 124, "fields": {"timestamp": "2016-10-28T11:49:03.830Z", "date_of_test": "2016-10-28", "name": "www", "student": 2, "score": 2}}, {"model": "edziennik.grades", "pk": 125, "fields": {"timestamp": "2016-10-28T11:49:03.841Z", "date_of_test": "2016-10-28", "name": "www", "student": 3, "score": 3}}, {"model": "auth.user", "pk": 1, "fields": {"password": "pbkdf2_sha256$24000$IbP9H3aaQq9x$QZeO/ynEAZhw/eECJi77BHyz0jIPz+Dp16ZAGWxEU8E=", "last_login": "2016-10-28T11:44:18.527Z", "is_superuser": true, "username": "edziennikowy", "first_name": "", "last_name": "", "email": "olooo682@gmail.com", "is_staff": true, "is_active": true, "date_joined": "2016-07-19T17:59:42.691Z", "groups": [], "user_permissions": []}}, {"model": "auth.user", "pk": 2, "fields": {"password": "pbkdf2_sha256$24000$9MAML2MJiDJX$GlpkTHm5lSowyM7PIQmMJnazBZTp9AmjJM26cck4DuY=", "last_login": "2016-10-28T11:44:37.370Z", "is_superuser": false, "username": "LukaszKlara", "first_name": "", "last_name": "", "email": "", "is_staff": false, "is_active": true, "date_joined": "2016-08-20T16:33:03.427Z", "groups": [], "user_permissions": []}}, {"model": "auth.user", "pk": 3, "fields": {"password": "pbkdf2_sha256$24000$eeCbgY0i7kaM$4UwcuzW6n43G4J+2vcIV5dYETDzWi3JymxBevVWz1i4=", "last_login": "2016-10-16T16:43:20.345Z", "is_superuser": false, "username": "DagmaraBernat", "first_name": "", "last_name": "", "email": "", "is_staff": false, "is_active": true, "date_joined": "2016-08-20T16:36:07.095Z", "groups": [], "user_permissions": []}}, {"model": "admin.logentry", "pk": 1, "fields": {"action_time": "2016-08-20T16:33:03.471Z", "user": 1, "content_type": 4, "object_id": "2", "object_repr": "LukaszKlara", "action_flag": 1, "change_message": "Added."}}, {"model": "admin.logentry", "pk": 2, "fields": {"action_time": "2016-08-20T16:36:07.139Z", "user": 1, "content_type": 4, "object_id": "3", "object_repr": "DagmaraBernat", "action_flag": 1, "change_message": "Added."}}, {"model": "admin.logentry", "pk": 3, "fields": {"action_time": "2016-08-20T16:39:05.845Z", "user": 1, "content_type": 7, "object_id": "1", "object_repr": "DagmaraBernat", "action_flag": 1, "change_message": "Added."}}, {"model": "admin.logentry", "pk": 4, "fields": {"action_time": "2016-08-20T16:39:13.815Z", "user": 1, "content_type": 7, "object_id": "2", "object_repr": "LukaszKlara", "action_flag": 1, "change_message": "Added."}}, {"model": "admin.logentry", "pk": 5, "fields": {"action_time": "2016-10-15T18:01:30.291Z", "user": 1, "content_type": 7, "object_id": "2", "object_repr": "LukaszKlara", "action_flag": 3, "change_message": ""}}, {"model": "admin.logentry", "pk": 6, "fields": {"action_time": "2016-10-15T18:01:37.552Z", "user": 1, "content_type": 7, "object_id": "3", "object_repr": "LukaszKlara", "action_flag": 1, "change_message": "Added."}}, {"model": "admin.logentry", "pk": 7, "fields": {"action_time": "2016-10-15T18:01:51.600Z", "user": 1, "content_type": 7, "object_id": "3", "object_repr": "LukaszKlara", "action_flag": 2, "change_message": "No fields changed."}}, {"model": "admin.logentry", "pk": 8, "fields": {"action_time": "2016-10-15T18:09:27.907Z", "user": 1, "content_type": 4, "object_id": "2", "object_repr": "LukaszKlara", "action_flag": 2, "change_message": "Changed password."}}, {"model": "admin.logentry", "pk": 9, "fields": {"action_time": "2016-10-15T18:09:54.164Z", "user": 1, "content_type": 4, "object_id": "3", "object_repr": "DagmaraBernat", "action_flag": 2, "change_message": "Changed password."}}, {"model": "admin.logentry", "pk": 10, "fields": {"action_time": "2016-10-17T04:49:07.682Z", "user": 1, "content_type": 8, "object_id": "1", "object_repr": "testowa1", "action_flag": 1, "change_message": "Added."}}, {"model": "admin.logentry", "pk": 11, "fields": {"action_time": "2016-10-17T04:49:17.195Z", "user": 1, "content_type": 8, "object_id": "2", "object_repr": "testowa2", "action_flag": 1, "change_message": "Added."}}, {"model": "admin.logentry", "pk": 12, "fields": {"action_time": "2016-10-17T04:49:24.520Z", "user": 1, "content_type": 8, "object_id": "3", "object_repr": "testowa3", "action_flag": 1, "change_message": "Added."}}, {"model": "admin.logentry", "pk": 13, "fields": {"action_time": "2016-10-17T04:49:32.679Z", "user": 1, "content_type": 8, "object_id": "4", "object_repr": "4testowa", "action_flag": 1, "change_message": "Added."}}, {"model": "admin.logentry", "pk": 14, "fields": {"action_time": "2016-10-17T04:49:41.049Z", "user": 1, "content_type": 8, "object_id": "5", "object_repr": "5testowa", "action_flag": 1, "change_message": "Added."}}, {"model": "admin.logentry", "pk": 15, "fields": {"action_time": "2016-10-17T04:49:49.412Z", "user": 1, "content_type": 8, "object_id": "6", "object_repr": "6testowa", "action_flag": 1, "change_message": "Added."}}, {"model": "admin.logentry", "pk": 16, "fields": {"action_time": "2016-10-17T04:50:31.056Z", "user": 1, "content_type": 9, "object_id": "1", "object_repr": "ala test1", "action_flag": 1, "change_message": "Added."}}, {"model": "admin.logentry", "pk": 17, "fields": {"action_time": "2016-10-17T04:50:55.260Z", "user": 1, "content_type": 9, "object_id": "2", "object_repr": "ola testt1", "action_flag": 1, "change_message": "Added."}}, {"model": "admin.logentry", "pk": 18, "fields": {"action_time": "2016-10-17T04:51:04.860Z", "user": 1, "content_type": 9, "object_id": "3", "object_repr": "iza testtt1", "action_flag": 1, "change_message": "Added."}}, {"model": "admin.logentry", "pk": 19, "fields": {"action_time": "2016-10-17T04:51:15.742Z", "user": 1, "content_type": 9, "object_id": "4", "object_repr": "kon test2", "action_flag": 1, "change_message": "Added."}}, {"model": "admin.logentry", "pk": 20, "fields": {"action_time": "2016-10-17T04:51:26.812Z", "user": 1, "content_type": 9, "object_id": "5", "object_repr": "olo testt2", "action_flag": 1, "change_message": "Added."}}, {"model": "admin.logentry", "pk": 21, "fields": {"action_time": "2016-10-17T04:51:38.258Z", "user": 1, "content_type": 9, "object_id": "6", "object_repr": "mih tesst2", "action_flag": 1, "change_message": "Added."}}, {"model": "admin.logentry", "pk": 22, "fields": {"action_time": "2016-10-17T04:51:50.129Z", "user": 1, "content_type": 9, "object_id": "7", "object_repr": "ada t3", "action_flag": 1, "change_message": "Added."}}, {"model": "admin.logentry", "pk": 23, "fields": {"action_time": "2016-10-17T04:51:59.496Z", "user": 1, "content_type": 9, "object_id": "8", "object_repr": "kam tt3", "action_flag": 1, "change_message": "Added."}}, {"model": "admin.logentry", "pk": 24, "fields": {"action_time": "2016-10-17T04:52:09.433Z", "user": 1, "content_type": 9, "object_id": "9", "object_repr": "laa ttt3", "action_flag": 1, "change_message": "Added."}}, {"model": "admin.logentry", "pk": 25, "fields": {"action_time": "2016-10-17T04:52:21.411Z", "user": 1, "content_type": 9, "object_id": "10", "object_repr": "ada test4", "action_flag": 1, "change_message": "Added."}}, {"model": "admin.logentry", "pk": 26, "fields": {"action_time": "2016-10-17T04:52:29.989Z", "user": 1, "content_type": 9, "object_id": "11", "object_repr": "kal t4", "action_flag": 1, "change_message": "Added."}}, {"model": "admin.logentry", "pk": 27, "fields": {"action_time": "2016-10-17T04:52:39.853Z", "user": 1, "content_type": 9, "object_id": "12", "object_repr": "aakk tt4", "action_flag": 1, "change_message": "Added."}}, {"model": "admin.logentry", "pk": 28, "fields": {"action_time": "2016-10-17T04:52:51.904Z", "user": 1, "content_type": 9, "object_id": "13", "object_repr": "kinga test5", "action_flag": 1, "change_message": "Added."}}, {"model": "admin.logentry", "pk": 29, "fields": {"action_time": "2016-10-17T04:53:01.406Z", "user": 1, "content_type": 9, "object_id": "14", "object_repr": "mateusz t5", "action_flag": 1, "change_message": "Added."}}, {"model": "admin.logentry", "pk": 30, "fields": {"action_time": "2016-10-17T04:53:09.363Z", "user": 1, "content_type": 9, "object_id": "15", "object_repr": "marta ttt5", "action_flag": 1, "change_message": "Added."}}, {"model": "admin.logentry", "pk": 31, "fields": {"action_time": "2016-10-17T04:53:20.810Z", "user": 1, "content_type": 9, "object_id": "16", "object_repr": "iza t6", "action_flag": 1, "change_message": "Added."}}, {"model": "admin.logentry", "pk": 32, "fields": {"action_time": "2016-10-17T04:53:29.359Z", "user": 1, "content_type": 9, "object_id": "17", "object_repr": "ola t6", "action_flag": 1, "change_message": "Added."}}, {"model": "admin.logentry", "pk": 33, "fields": {"action_time": "2016-10-17T04:53:39.717Z", "user": 1, "content_type": 9, "object_id": "18", "object_repr": "marta tt6", "action_flag": 1, "change_message": "Added."}}, {"model": "admin.logentry", "pk": 34, "fields": {"action_time": "2016-10-18T05:56:22.848Z", "user": 1, "content_type": 10, "object_id": "2", "object_repr": "2016-10-18 05:55:17.583000+00:00", "action_flag": 3, "change_message": ""}}, {"model": "admin.logentry", "pk": 35, "fields": {"action_time": "2016-10-18T05:56:29.372Z", "user": 1, "content_type": 10, "object_id": "1", "object_repr": "2016-10-18 05:55:17.572000+00:00", "action_flag": 3, "change_message": ""}}, {"model": "admin.logentry", "pk": 36, "fields": {"action_time": "2016-10-18T05:58:03.404Z", "user": 1, "content_type": 10, "object_id": "4", "object_repr": "2016-10-18 05:57:25.881000+00:00", "action_flag": 3, "change_message": ""}}, {"model": "admin.logentry", "pk": 37, "fields": {"action_time": "2016-10-18T05:58:07.424Z", "user": 1, "content_type": 10, "object_id": "3", "object_repr": "2016-10-18 05:57:25.872000+00:00", "action_flag": 3, "change_message": ""}}, {"model": "admin.logentry", "pk": 38, "fields": {"action_time": "2016-10-18T05:59:35.385Z", "user": 1, "content_type": 10, "object_id": "5", "object_repr": "2016-10-18 05:58:31.177000+00:00", "action_flag": 3, "change_message": ""}}, {"model": "admin.logentry", "pk": 39, "fields": {"action_time": "2016-10-19T09:47:41.203Z", "user": 1, "content_type": 10, "object_id": "10", "object_repr": "2016-10-19 06:18:04.383000+00:00", "action_flag": 3, "change_message": ""}}, {"model": "admin.logentry", "pk": 40, "fields": {"action_time": "2016-10-19T09:47:41.210Z", "user": 1, "content_type": 10, "object_id": "9", "object_repr": "2016-10-19 06:13:25.108000+00:00", "action_flag": 3, "change_message": ""}}, {"model": "admin.logentry", "pk": 41, "fields": {"action_time": "2016-10-19T09:47:41.218Z", "user": 1, "content_type": 10, "object_id": "8", "object_repr": "2016-10-19 06:13:03.664000+00:00", "action_flag": 3, "change_message": ""}}, {"model": "admin.logentry", "pk": 42, "fields": {"action_time": "2016-10-19T09:47:41.227Z", "user": 1, "content_type": 10, "object_id": "7", "object_repr": "2016-10-19 06:13:03.656000+00:00", "action_flag": 3, "change_message": ""}}, {"model": "admin.logentry", "pk": 43, "fields": {"action_time": "2016-10-19T09:47:41.236Z", "user": 1, "content_type": 10, "object_id": "6", "object_repr": "2016-10-19 06:13:03.643000+00:00", "action_flag": 3, "change_message": ""}}, {"model": "admin.logentry", "pk": 44, "fields": {"action_time": "2016-10-19T09:51:28.660Z", "user": 1, "content_type": 10, "object_id": "16", "object_repr": "2016-10-19 09:50:40.492000+00:00", "action_flag": 3, "change_message": ""}}, {"model": "admin.logentry", "pk": 45, "fields": {"action_time": "2016-10-19T09:51:28.669Z", "user": 1, "content_type": 10, "object_id": "15", "object_repr": "2016-10-19 09:50:40.483000+00:00", "action_flag": 3, "change_message": ""}}, {"model": "admin.logentry", "pk": 46, "fields": {"action_time": "2016-10-19T09:51:28.678Z", "user": 1, "content_type": 10, "object_id": "14", "object_repr": "2016-10-19 09:50:40.471000+00:00", "action_flag": 3, "change_message": ""}}, {"model": "admin.logentry", "pk": 47, "fields": {"action_time": "2016-10-19T09:51:28.687Z", "user": 1, "content_type": 10, "object_id": "13", "object_repr": "2016-10-19 09:49:23.647000+00:00", "action_flag": 3, "change_message": ""}}, {"model": "admin.logentry", "pk": 48, "fields": {"action_time": "2016-10-19T09:51:28.696Z", "user": 1, "content_type": 10, "object_id": "12", "object_repr": "2016-10-19 09:49:23.636000+00:00", "action_flag": 3, "change_message": ""}}, {"model": "admin.logentry", "pk": 49, "fields": {"action_time": "2016-10-19T09:51:28.704Z", "user": 1, "content_type": 10, "object_id": "11", "object_repr": "2016-10-19 09:48:00.565000+00:00", "action_flag": 3, "change_message": ""}}, {"model": "admin.logentry", "pk": 50, "fields": {"action_time": "2016-10-24T05:04:47.204Z", "user": 1, "content_type": 10, "object_id": "29", "object_repr": "2016-10-24 05:02:31.113000+00:00", "action_flag": 3, "change_message": ""}}, {"model": "admin.logentry", "pk": 51, "fields": {"action_time": "2016-10-24T05:04:47.211Z", "user": 1, "content_type": 10, "object_id": "28", "object_repr": "2016-10-24 05:02:31.106000+00:00", "action_flag": 3, "change_message": ""}}, {"model": "admin.logentry", "pk": 52, "fields": {"action_time": "2016-10-24T05:04:47.217Z", "user": 1, "content_type": 10, "object_id": "27", "object_repr": "2016-10-24 05:02:31.097000+00:00", "action_flag": 3, "change_message": ""}}, {"model": "admin.logentry", "pk": 53, "fields": {"action_time": "2016-10-24T05:04:47.224Z", "user": 1, "content_type": 10, "object_id": "26", "object_repr": "2016-10-24 05:01:18.669000+00:00", "action_flag": 3, "change_message": ""}}, {"model": "admin.logentry", "pk": 54, "fields": {"action_time": "2016-10-24T05:04:47.230Z", "user": 1, "content_type": 10, "object_id": "25", "object_repr": "2016-10-24 05:01:18.662000+00:00", "action_flag": 3, "change_message": ""}}, {"model": "admin.logentry", "pk": 55, "fields": {"action_time": "2016-10-24T05:04:47.236Z", "user": 1, "content_type": 10, "object_id": "24", "object_repr": "2016-10-24 05:01:18.653000+00:00", "action_flag": 3, "change_message": ""}}, {"model": "admin.logentry", "pk": 56, "fields": {"action_time": "2016-10-24T15:32:57.090Z", "user": 1, "content_type": 10, "object_id": "34", "object_repr": "2016-10-24 05:07:49.926000+00:00", "action_flag": 3, "change_message": ""}}, {"model": "admin.logentry", "pk": 57, "fields": {"action_time": "2016-10-24T15:32:57.099Z", "user": 1, "content_type": 10, "object_id": "33", "object_repr": "2016-10-24 05:07:49.913000+00:00", "action_flag": 3, "change_message": ""}}, {"model": "admin.logentry", "pk": 58, "fields": {"action_time": "2016-10-24T15:32:57.106Z", "user": 1, "content_type": 10, "object_id": "32", "object_repr": "2016-10-24 05:05:28.407000+00:00", "action_flag": 3, "change_message": ""}}, {"model": "admin.logentry", "pk": 59, "fields": {"action_time": "2016-10-24T15:32:57.114Z", "user": 1, "content_type": 10, "object_id": "31", "object_repr": "2016-10-24 05:05:28.400000+00:00", "action_flag": 3, "change_message": ""}}, {"model": "admin.logentry", "pk": 60, "fields": {"action_time": "2016-10-24T15:32:57.121Z", "user": 1, "content_type": 10, "object_id": "30", "object_repr": "2016-10-24 05:05:28.389000+00:00", "action_flag": 3, "change_message": ""}}, {"model": "admin.logentry", "pk": 61, "fields": {"action_time": "2016-10-24T15:32:57.128Z", "user": 1, "content_type": 10, "object_id": "23", "object_repr": "2016-10-24 04:28:20.230000+00:00", "action_flag": 3, "change_message": ""}}, {"model": "admin.logentry", "pk": 62, "fields": {"action_time": "2016-10-24T15:32:57.135Z", "user": 1, "content_type": 10, "object_id": "22", "object_repr": "2016-10-24 04:28:20.204000+00:00", "action_flag": 3, "change_message": ""}}, {"model": "admin.logentry", "pk": 63, "fields": {"action_time": "2016-10-27T08:29:06.187Z", "user": 1, "content_type": 13, "object_id": "24", "object_repr": "tytyty", "action_flag": 3, "change_message": ""}}, {"model": "admin.logentry", "pk": 64, "fields": {"action_time": "2016-10-27T08:29:06.196Z", "user": 1, "content_type": 13, "object_id": "23", "object_repr": "sprawdzia", "action_flag": 3, "change_message": ""}}, {"model": "admin.logentry", "pk": 65, "fields": {"action_time": "2016-10-27T08:29:06.203Z", "user": 1, "content_type": 13, "object_id": "22", "object_repr": "sprawdzia", "action_flag": 3, "change_message": ""}}, {"model": "admin.logentry", "pk": 66, "fields": {"action_time": "2016-10-27T08:29:06.209Z", "user": 1, "content_type": 13, "object_id": "21", "object_repr": "sprawdzia", "action_flag": 3, "change_message": ""}}, {"model": "admin.logentry", "pk": 67, "fields": {"action_time": "2016-10-27T08:29:06.215Z", "user": 1, "content_type": 13, "object_id": "20", "object_repr": "projekt", "action_flag": 3, "change_message": ""}}, {"model": "admin.logentry", "pk": 68, "fields": {"action_time": "2016-10-27T08:29:06.222Z", "user": 1, "content_type": 13, "object_id": "19", "object_repr": "projekt", "action_flag": 3, "change_message": ""}}, {"model": "admin.logentry", "pk": 69, "fields": {"action_time": "2016-10-27T08:29:06.228Z", "user": 1, "content_type": 13, "object_id": "18", "object_repr": "projekt", "action_flag": 3, "change_message": ""}}, {"model": "admin.logentry", "pk": 70, "fields": {"action_time": "2016-10-27T08:29:06.234Z", "user": 1, "content_type": 13, "object_id": "17", "object_repr": "sprawdzia", "action_flag": 3, "change_message": ""}}, {"model": "admin.logentry", "pk": 71, "fields": {"action_time": "2016-10-27T08:29:06.240Z", "user": 1, "content_type": 13, "object_id": "16", "object_repr": "sprawdzia", "action_flag": 3, "change_message": ""}}, {"model": "admin.logentry", "pk": 72, "fields": {"action_time": "2016-10-27T08:29:06.246Z", "user": 1, "content_type": 13, "object_id": "15", "object_repr": "sprawdzia", "action_flag": 3, "change_message": ""}}, {"model": "admin.logentry", "pk": 73, "fields": {"action_time": "2016-10-27T08:29:06.252Z", "user": 1, "content_type": 13, "object_id": "14", "object_repr": "sprawdzia", "action_flag": 3, "change_message": ""}}, {"model": "admin.logentry", "pk": 74, "fields": {"action_time": "2016-10-27T08:29:06.259Z", "user": 1, "content_type": 13, "object_id": "13", "object_repr": "sprawdzia", "action_flag": 3, "change_message": ""}}, {"model": "admin.logentry", "pk": 75, "fields": {"action_time": "2016-10-27T08:29:06.265Z", "user": 1, "content_type": 13, "object_id": "12", "object_repr": "sprawdzia", "action_flag": 3, "change_message": ""}}, {"model": "admin.logentry", "pk": 76, "fields": {"action_time": "2016-10-27T08:29:06.272Z", "user": 1, "content_type": 13, "object_id": "11", "object_repr": "s", "action_flag": 3, "change_message": ""}}, {"model": "admin.logentry", "pk": 77, "fields": {"action_time": "2016-10-27T08:29:06.278Z", "user": 1, "content_type": 13, "object_id": "10", "object_repr": "s", "action_flag": 3, "change_message": ""}}, {"model": "admin.logentry", "pk": 78, "fields": {"action_time": "2016-10-27T08:29:06.285Z", "user": 1, "content_type": 13, "object_id": "9", "object_repr": "sprawdzia", "action_flag": 3, "change_message": ""}}, {"model": "admin.logentry", "pk": 79, "fields": {"action_time": "2016-10-27T08:29:06.291Z", "user": 1, "content_type": 13, "object_id": "8", "object_repr": "sprawdzia", "action_flag": 3, "change_message": ""}}, {"model": "admin.logentry", "pk": 80, "fields": {"action_time": "2016-10-27T08:29:06.298Z", "user": 1, "content_type": 13, "object_id": "7", "object_repr": "sprawdzia", "action_flag": 3, "change_message": ""}}, {"model": "admin.logentry", "pk": 81, "fields": {"action_time": "2016-10-27T08:29:06.303Z", "user": 1, "content_type": 13, "object_id": "6", "object_repr": "s", "action_flag": 3, "change_message": ""}}, {"model": "admin.logentry", "pk": 82, "fields": {"action_time": "2016-10-27T08:29:06.309Z", "user": 1, "content_type": 13, "object_id": "5", "object_repr": "s", "action_flag": 3, "change_message": ""}}, {"model": "admin.logentry", "pk": 83, "fields": {"action_time": "2016-10-27T08:29:06.315Z", "user": 1, "content_type": 13, "object_id": "4", "object_repr": "s", "action_flag": 3, "change_message": ""}}, {"model": "admin.logentry", "pk": 84, "fields": {"action_time": "2016-10-27T08:29:06.321Z", "user": 1, "content_type": 13, "object_id": "3", "object_repr": "sprawdzia", "action_flag": 3, "change_message": ""}}, {"model": "admin.logentry", "pk": 85, "fields": {"action_time": "2016-10-27T08:29:06.327Z", "user": 1, "content_type": 13, "object_id": "2", "object_repr": "sprawdzia", "action_flag": 3, "change_message": ""}}, {"model": "admin.logentry", "pk": 86, "fields": {"action_time": "2016-10-27T08:29:06.334Z", "user": 1, "content_type": 13, "object_id": "1", "object_repr": "sprawdzia", "action_flag": 3, "change_message": ""}}, {"model": "admin.logentry", "pk": 87, "fields": {"action_time": "2016-10-28T07:27:43.264Z", "user": 1, "content_type": 13, "object_id": "64", "object_repr": "odpw", "action_flag": 3, "change_message": ""}}, {"model": "admin.logentry", "pk": 88, "fields": {"action_time": "2016-10-28T07:27:43.272Z", "user": 1, "content_type": 13, "object_id": "63", "object_repr": "odpw", "action_flag": 3, "change_message": ""}}, {"model": "admin.logentry", "pk": 89, "fields": {"action_time": "2016-10-28T07:27:43.279Z", "user": 1, "content_type": 13, "object_id": "62", "object_repr": "odpw", "action_flag": 3, "change_message": ""}}, {"model": "admin.logentry", "pk": 90, "fields": {"action_time": "2016-10-28T07:27:43.286Z", "user": 1, "content_type": 13, "object_id": "61", "object_repr": "odpw", "action_flag": 3, "change_message": ""}}, {"model": "admin.logentry", "pk": 91, "fields": {"action_time": "2016-10-28T07:27:43.293Z", "user": 1, "content_type": 13, "object_id": "60", "object_repr": "odpw", "action_flag": 3, "change_message": ""}}, {"model": "admin.logentry", "pk": 92, "fields": {"action_time": "2016-10-28T07:27:43.298Z", "user": 1, "content_type": 13, "object_id": "59", "object_repr": "odpw", "action_flag": 3, "change_message": ""}}, {"model": "admin.logentry", "pk": 93, "fields": {"action_time": "2016-10-28T09:23:58.847Z", "user": 1, "content_type": 13, "object_id": "85", "object_repr": "www", "action_flag": 3, "change_message": ""}}, {"model": "admin.logentry", "pk": 94, "fields": {"action_time": "2016-10-28T09:23:58.854Z", "user": 1, "content_type": 13, "object_id": "84", "object_repr": "www", "action_flag": 3, "change_message": ""}}, {"model": "admin.logentry", "pk": 95, "fields": {"action_time": "2016-10-28T09:23:58.860Z", "user": 1, "content_type": 13, "object_id": "83", "object_repr": "www", "action_flag": 3, "change_message": ""}}, {"model": "admin.logentry", "pk": 96, "fields": {"action_time": "2016-10-28T09:23:58.866Z", "user": 1, "content_type": 13, "object_id": "82", "object_repr": "www", "action_flag": 3, "change_message": ""}}, {"model": "admin.logentry", "pk": 97, "fields": {"action_time": "2016-10-28T09:23:58.872Z", "user": 1, "content_type": 13, "object_id": "81", "object_repr": "www", "action_flag": 3, "change_message": ""}}, {"model": "admin.logentry", "pk": 98, "fields": {"action_time": "2016-10-28T09:23:58.877Z", "user": 1, "content_type": 13, "object_id": "80", "object_repr": "www", "action_flag": 3, "change_message": ""}}, {"model": "admin.logentry", "pk": 99, "fields": {"action_time": "2016-10-28T09:23:58.883Z", "user": 1, "content_type": 13, "object_id": "79", "object_repr": "www", "action_flag": 3, "change_message": ""}}, {"model": "admin.logentry", "pk": 100, "fields": {"action_time": "2016-10-28T09:23:58.890Z", "user": 1, "content_type": 13, "object_id": "78", "object_repr": "www", "action_flag": 3, "change_message": ""}}, {"model": "admin.logentry", "pk": 101, "fields": {"action_time": "2016-10-28T09:23:58.897Z", "user": 1, "content_type": 13, "object_id": "77", "object_repr": "www", "action_flag": 3, "change_message": ""}}, {"model": "admin.logentry", "pk": 102, "fields": {"action_time": "2016-10-28T09:23:58.903Z", "user": 1, "content_type": 13, "object_id": "76", "object_repr": "www", "action_flag": 3, "change_message": ""}}, {"model": "admin.logentry", "pk": 103, "fields": {"action_time": "2016-10-28T09:23:58.909Z", "user": 1, "content_type": 13, "object_id": "75", "object_repr": "www", "action_flag": 3, "change_message": ""}}, {"model": "admin.logentry", "pk": 104, "fields": {"action_time": "2016-10-28T09:23:58.915Z", "user": 1, "content_type": 13, "object_id": "74", "object_repr": "www", "action_flag": 3, "change_message": ""}}, {"model": "admin.logentry", "pk": 105, "fields": {"action_time": "2016-10-28T09:23:58.922Z", "user": 1, "content_type": 13, "object_id": "73", "object_repr": "www", "action_flag": 3, "change_message": ""}}, {"model": "admin.logentry", "pk": 106, "fields": {"action_time": "2016-10-28T09:23:58.928Z", "user": 1, "content_type": 13, "object_id": "72", "object_repr": "www", "action_flag": 3, "change_message": ""}}, {"model": "admin.logentry", "pk": 107, "fields": {"action_time": "2016-10-28T09:23:58.933Z", "user": 1, "content_type": 13, "object_id": "71", "object_repr": "www", "action_flag": 3, "change_message": ""}}, {"model": "admin.logentry", "pk": 108, "fields": {"action_time": "2016-10-28T09:23:58.939Z", "user": 1, "content_type": 13, "object_id": "70", "object_repr": "www", "action_flag": 3, "change_message": ""}}, {"model": "admin.logentry", "pk": 109, "fields": {"action_time": "2016-10-28T09:23:58.946Z", "user": 1, "content_type": 13, "object_id": "69", "object_repr": "www", "action_flag": 3, "change_message": ""}}, {"model": "admin.logentry", "pk": 110, "fields": {"action_time": "2016-10-28T09:23:58.952Z", "user": 1, "content_type": 13, "object_id": "68", "object_repr": "www", "action_flag": 3, "change_message": ""}}, {"model": "admin.logentry", "pk": 111, "fields": {"action_time": "2016-10-28T09:23:58.958Z", "user": 1, "content_type": 13, "object_id": "67", "object_repr": "www", "action_flag": 3, "change_message": ""}}, {"model": "admin.logentry", "pk": 112, "fields": {"action_time": "2016-10-28T09:23:58.967Z", "user": 1, "content_type": 13, "object_id": "66", "object_repr": "www", "action_flag": 3, "change_message": ""}}, {"model": "admin.logentry", "pk": 113, "fields": {"action_time": "2016-10-28T09:23:58.974Z", "user": 1, "content_type": 13, "object_id": "65", "object_repr": "www", "action_flag": 3, "change_message": ""}}, {"model": "admin.logentry", "pk": 114, "fields": {"action_time": "2016-10-28T11:44:27.937Z", "user": 1, "content_type": 13, "object_id": "114", "object_repr": "sprawdzia2", "action_flag": 3, "change_message": ""}}, {"model": "admin.logentry", "pk": 115, "fields": {"action_time": "2016-10-28T11:44:27.946Z", "user": 1, "content_type": 13, "object_id": "113", "object_repr": "sprawdzia2", "action_flag": 3, "change_message": ""}}, {"model": "admin.logentry", "pk": 116, "fields": {"action_time": "2016-10-28T11:44:27.952Z", "user": 1, "content_type": 13, "object_id": "112", "object_repr": "sprawdzia2", "action_flag": 3, "change_message": ""}}, {"model": "admin.logentry", "pk": 117, "fields": {"action_time": "2016-10-28T11:44:27.958Z", "user": 1, "content_type": 13, "object_id": "111", "object_repr": "sprawdzian", "action_flag": 3, "change_message": ""}}, {"model": "admin.logentry", "pk": 118, "fields": {"action_time": "2016-10-28T11:44:27.964Z", "user": 1, "content_type": 13, "object_id": "110", "object_repr": "sprawdzian", "action_flag": 3, "change_message": ""}}, {"model": "admin.logentry", "pk": 119, "fields": {"action_time": "2016-10-28T11:44:27.971Z", "user": 1, "content_type": 13, "object_id": "109", "object_repr": "sprawdzian", "action_flag": 3, "change_message": ""}}, {"model": "admin.logentry", "pk": 120, "fields": {"action_time": "2016-10-28T11:44:27.977Z", "user": 1, "content_type": 13, "object_id": "108", "object_repr": "sprawdzian", "action_flag": 3, "change_message": ""}}, {"model": "admin.logentry", "pk": 121, "fields": {"action_time": "2016-10-28T11:44:27.982Z", "user": 1, "content_type": 13, "object_id": "107", "object_repr": "s", "action_flag": 3, "change_message": ""}}, {"model": "admin.logentry", "pk": 122, "fields": {"action_time": "2016-10-28T11:44:27.988Z", "user": 1, "content_type": 13, "object_id": "106", "object_repr": "s", "action_flag": 3, "change_message": ""}}, {"model": "admin.logentry", "pk": 123, "fields": {"action_time": "2016-10-28T11:44:27.994Z", "user": 1, "content_type": 13, "object_id": "105", "object_repr": "s", "action_flag": 3, "change_message": ""}}, {"model": "admin.logentry", "pk": 124, "fields": {"action_time": "2016-10-28T11:44:28Z", "user": 1, "content_type": 13, "object_id": "104", "object_repr": "sprawdzian", "action_flag": 3, "change_message": ""}}, {"model": "admin.logentry", "pk": 125, "fields": {"action_time": "2016-10-28T11:44:28.006Z", "user": 1, "content_type": 13, "object_id": "103", "object_repr": "sprawdzian", "action_flag": 3, "change_message": ""}}, {"model": "admin.logentry", "pk": 126, "fields": {"action_time": "2016-10-28T11:44:28.012Z", "user": 1, "content_type": 13, "object_id": "102", "object_repr": "sprawdzian", "action_flag": 3, "change_message": ""}}, {"model": "admin.logentry", "pk": 127, "fields": {"action_time": "2016-10-28T11:44:28.018Z", "user": 1, "content_type": 13, "object_id": "101", "object_repr": "sprawdzian1", "action_flag": 3, "change_message": ""}}, {"model": "admin.logentry", "pk": 128, "fields": {"action_time": "2016-10-28T11:44:28.025Z", "user": 1, "content_type": 13, "object_id": "100", "object_repr": "sprawdzia", "action_flag": 3, "change_message": ""}}, {"model": "admin.logentry", "pk": 129, "fields": {"action_time": "2016-10-28T11:44:28.030Z", "user": 1, "content_type": 13, "object_id": "99", "object_repr": "sprawdzia", "action_flag": 3, "change_message": ""}}, {"model": "admin.logentry", "pk": 130, "fields": {"action_time": "2016-10-28T11:44:28.035Z", "user": 1, "content_type": 13, "object_id": "98", "object_repr": "sprawdzia", "action_flag": 3, "change_message": ""}}, {"model": "admin.logentry", "pk": 131, "fields": {"action_time": "2016-10-28T11:44:28.041Z", "user": 1, "content_type": 13, "object_id": "97", "object_repr": "www", "action_flag": 3, "change_message": ""}}, {"model": "admin.logentry", "pk": 132, "fields": {"action_time": "2016-10-28T11:44:28.047Z", "user": 1, "content_type": 13, "object_id": "96", "object_repr": "www", "action_flag": 3, "change_message": ""}}, {"model": "admin.logentry", "pk": 133, "fields": {"action_time": "2016-10-28T11:44:28.053Z", "user": 1, "content_type": 13, "object_id": "95", "object_repr": "www", "action_flag": 3, "change_message": ""}}, {"model": "admin.logentry", "pk": 134, "fields": {"action_time": "2016-10-28T11:44:28.059Z", "user": 1, "content_type": 13, "object_id": "94", "object_repr": "www", "action_flag": 3, "change_message": ""}}, {"model": "admin.logentry", "pk": 135, "fields": {"action_time": "2016-10-28T11:44:28.065Z", "user": 1, "content_type": 13, "object_id": "93", "object_repr": "www", "action_flag": 3, "change_message": ""}}, {"model": "admin.logentry", "pk": 136, "fields": {"action_time": "2016-10-28T11:44:28.071Z", "user": 1, "content_type": 13, "object_id": "92", "object_repr": "www", "action_flag": 3, "change_message": ""}}, {"model": "admin.logentry", "pk": 137, "fields": {"action_time": "2016-10-28T11:44:28.077Z", "user": 1, "content_type": 13, "object_id": "91", "object_repr": "www", "action_flag": 3, "change_message": ""}}, {"model": "admin.logentry", "pk": 138, "fields": {"action_time": "2016-10-28T11:44:28.083Z", "user": 1, "content_type": 13, "object_id": "90", "object_repr": "www", "action_flag": 3, "change_message": ""}}, {"model": "admin.logentry", "pk": 139, "fields": {"action_time": "2016-10-28T11:44:28.089Z", "user": 1, "content_type": 13, "object_id": "89", "object_repr": "www", "action_flag": 3, "change_message": ""}}, {"model": "admin.logentry", "pk": 140, "fields": {"action_time": "2016-10-28T11:44:28.095Z", "user": 1, "content_type": 13, "object_id": "88", "object_repr": "www", "action_flag": 3, "change_message": ""}}, {"model": "admin.logentry", "pk": 141, "fields": {"action_time": "2016-10-28T11:44:28.100Z", "user": 1, "content_type": 13, "object_id": "87", "object_repr": "www", "action_flag": 3, "change_message": ""}}, {"model": "admin.logentry", "pk": 142, "fields": {"action_time": "2016-10-28T11:44:28.106Z", "user": 1, "content_type": 13, "object_id": "86", "object_repr": "www", "action_flag": 3, "change_message": ""}}, {"model": "admin.logentry", "pk": 143, "fields": {"action_time": "2016-10-28T11:44:28.113Z", "user": 1, "content_type": 13, "object_id": "58", "object_repr": "typ", "action_flag": 3, "change_message": ""}}, {"model": "admin.logentry", "pk": 144, "fields": {"action_time": "2016-10-28T11:44:28.119Z", "user": 1, "content_type": 13, "object_id": "57", "object_repr": "typ", "action_flag": 3, "change_message": ""}}, {"model": "admin.logentry", "pk": 145, "fields": {"action_time": "2016-10-28T11:44:28.124Z", "user": 1, "content_type": 13, "object_id": "56", "object_repr": "typ", "action_flag": 3, "change_message": ""}}, {"model": "admin.logentry", "pk": 146, "fields": {"action_time": "2016-10-28T11:44:28.132Z", "user": 1, "content_type": 13, "object_id": "55", "object_repr": "cos", "action_flag": 3, "change_message": ""}}, {"model": "admin.logentry", "pk": 147, "fields": {"action_time": "2016-10-28T11:44:28.139Z", "user": 1, "content_type": 13, "object_id": "54", "object_repr": "cos", "action_flag": 3, "change_message": ""}}, {"model": "admin.logentry", "pk": 148, "fields": {"action_time": "2016-10-28T11:44:28.145Z", "user": 1, "content_type": 13, "object_id": "53", "object_repr": "cos", "action_flag": 3, "change_message": ""}}, {"model": "admin.logentry", "pk": 149, "fields": {"action_time": "2016-10-28T11:44:28.151Z", "user": 1, "content_type": 13, "object_id": "52", "object_repr": "gadanie", "action_flag": 3, "change_message": ""}}, {"model": "admin.logentry", "pk": 150, "fields": {"action_time": "2016-10-28T11:44:28.158Z", "user": 1, "content_type": 13, "object_id": "51", "object_repr": "gadanie", "action_flag": 3, "change_message": ""}}, {"model": "admin.logentry", "pk": 151, "fields": {"action_time": "2016-10-28T11:44:28.164Z", "user": 1, "content_type": 13, "object_id": "50", "object_repr": "gadanie", "action_flag": 3, "change_message": ""}}, {"model": "admin.logentry", "pk": 152, "fields": {"action_time": "2016-10-28T11:44:28.172Z", "user": 1, "content_type": 13, "object_id": "49", "object_repr": "nowy test", "action_flag": 3, "change_message": ""}}, {"model": "admin.logentry", "pk": 153, "fields": {"action_time": "2016-10-28T11:44:28.178Z", "user": 1, "content_type": 13, "object_id": "48", "object_repr": "nowy test", "action_flag": 3, "change_message": ""}}, {"model": "admin.logentry", "pk": 154, "fields": {"action_time": "2016-10-28T11:44:28.184Z", "user": 1, "content_type": 13, "object_id": "47", "object_repr": "nowy test", "action_flag": 3, "change_message": ""}}, {"model": "admin.logentry", "pk": 155, "fields": {"action_time": "2016-10-28T11:44:28.190Z", "user": 1, "content_type": 13, "object_id": "46", "object_repr": "homework", "action_flag": 3, "change_message": ""}}, {"model": "admin.logentry", "pk": 156, "fields": {"action_time": "2016-10-28T11:44:28.197Z", "user": 1, "content_type": 13, "object_id": "45", "object_repr": "odowiedz", "action_flag": 3, "change_message": ""}}, {"model": "admin.logentry", "pk": 157, "fields": {"action_time": "2016-10-28T11:44:28.223Z", "user": 1, "content_type": 13, "object_id": "44", "object_repr": "odowiedz", "action_flag": 3, "change_message": ""}}, {"model": "admin.logentry", "pk": 158, "fields": {"action_time": "2016-10-28T11:44:28.230Z", "user": 1, "content_type": 13, "object_id": "43", "object_repr": "odowiedz", "action_flag": 3, "change_message": ""}}, {"model": "admin.logentry", "pk": 159, "fields": {"action_time": "2016-10-28T11:44:28.236Z", "user": 1, "content_type": 13, "object_id": "42", "object_repr": "test", "action_flag": 3, "change_message": ""}}, {"model": "admin.logentry", "pk": 160, "fields": {"action_time": "2016-10-28T11:44:28.243Z", "user": 1, "content_type": 13, "object_id": "41", "object_repr": "test", "action_flag": 3, "change_message": ""}}, {"model": "admin.logentry", "pk": 161, "fields": {"action_time": "2016-10-28T11:44:28.250Z", "user": 1, "content_type": 13, "object_id": "40", "object_repr": "test", "action_flag": 3, "change_message": ""}}, {"model": "admin.logentry", "pk": 162, "fields": {"action_time": "2016-10-28T11:44:28.257Z", "user": 1, "content_type": 13, "object_id": "39", "object_repr": "odo ustna", "action_flag": 3, "change_message": ""}}, {"model": "admin.logentry", "pk": 163, "fields": {"action_time": "2016-10-28T11:44:28.264Z", "user": 1, "content_type": 13, "object_id": "38", "object_repr": "odo ustna", "action_flag": 3, "change_message": ""}}, {"model": "admin.logentry", "pk": 164, "fields": {"action_time": "2016-10-28T11:44:28.270Z", "user": 1, "content_type": 13, "object_id": "37", "object_repr": "odo ustna", "action_flag": 3, "change_message": ""}}, {"model": "admin.logentry", "pk": 165, "fields": {"action_time": "2016-10-28T11:44:28.278Z", "user": 1, "content_type": 13, "object_id": "36", "object_repr": "projekt", "action_flag": 3, "change_message": ""}}, {"model": "admin.logentry", "pk": 166, "fields": {"action_time": "2016-10-28T11:44:28.286Z", "user": 1, "content_type": 13, "object_id": "35", "object_repr": "projekt", "action_flag": 3, "change_message": ""}}, {"model": "admin.logentry", "pk": 167, "fields": {"action_time": "2016-10-28T11:44:28.293Z", "user": 1, "content_type": 13, "object_id": "34", "object_repr": "test2", "action_flag": 3, "change_message": ""}}, {"model": "admin.logentry", "pk": 168, "fields": {"action_time": "2016-10-28T11:44:28.299Z", "user": 1, "content_type": 13, "object_id": "33", "object_repr": "test1", "action_flag": 3, "change_message": ""}}, {"model": "admin.logentry", "pk": 169, "fields": {"action_time": "2016-10-28T11:44:28.305Z", "user": 1, "content_type": 13, "object_id": "32", "object_repr": "test1", "action_flag": 3, "change_message": ""}}, {"model": "admin.logentry", "pk": 170, "fields": {"action_time": "2016-10-28T11:44:28.311Z", "user": 1, "content_type": 13, "object_id": "31", "object_repr": "test1", "action_flag": 3, "change_message": ""}}, {"model": "admin.logentry", "pk": 171, "fields": {"action_time": "2016-10-28T11:44:28.316Z", "user": 1, "content_type": 13, "object_id": "30", "object_repr": "homework", "action_flag": 3, "change_message": ""}}, {"model": "admin.logentry", "pk": 172, "fields": {"action_time": "2016-10-28T11:44:28.322Z", "user": 1, "content_type": 13, "object_id": "29", "object_repr": "homework", "action_flag": 3, "change_message": ""}}, {"model": "admin.logentry", "pk": 173, "fields": {"action_time": "2016-10-28T11:44:28.329Z", "user": 1, "content_type": 13, "object_id": "28", "object_repr": "homework", "action_flag": 3, "change_message": ""}}, {"model": "admin.logentry", "pk": 174, "fields": {"action_time": "2016-10-28T11:44:28.335Z", "user": 1, "content_type": 13, "object_id": "27", "object_repr": "sprawdzian", "action_flag": 3, "change_message": ""}}, {"model": "admin.logentry", "pk": 175, "fields": {"action_time": "2016-10-28T11:44:28.342Z", "user": 1, "content_type": 13, "object_id": "26", "object_repr": "sprawdzian", "action_flag": 3, "change_message": ""}}, {"model": "admin.logentry", "pk": 176, "fields": {"action_time": "2016-10-28T11:44:28.348Z", "user": 1, "content_type": 13, "object_id": "25", "object_repr": "sprawdzian", "action_flag": 3, "change_message": ""}}]